,MoviesN,AvgPop,AvgIMDB,Score
Stan Lee,8,0.25792363529161466,0.7623456790123456,0.6069296063761879
Gino Corrado,6,0.02783433663931397,0.8497942386831275,0.5745986841005831
Joseph Oliveira,5,0.16321123235932644,0.8617283950617283,0.5744322896332374
Andy Serkis,10,0.11757549031300057,0.7666666666666666,0.5714182477656407
Philip Ettington,15,0.05337865411670436,0.7728395061728395,0.5569978282430619
Ian Holm,9,0.059085520045894735,0.7722908093278463,0.5569486847785745
Bess Flowers,9,0.027334866584596336,0.7777777777777777,0.5512784218317586
Jed Brophy,6,0.06392809665188953,0.7921810699588477,0.5464967089551954
Hugo Weaving,13,0.048547290162675914,0.7549857549857549,0.543029562034856
Michael Kelly,6,0.12760219800305939,0.7592592592592592,0.5427406738475318
Ian McKellen,14,0.11083392816000728,0.7248677248677248,0.5406485561049927
Helena Bonham Carter,9,0.06254090267604945,0.7462277091906722,0.5397836772713202
Scarlett Johansson,14,0.060194491669584044,0.7451499118165784,0.5396542726282885
Tom Hardy,8,0.05557314509053622,0.7515432098765431,0.5391196309412921
Orlando Bloom,9,0.0768610371943626,0.7366255144032922,0.5373641786132134
Mark Margolis,9,0.03637879991831323,0.7517146776406035,0.5357858340216084
Christian Bale,19,0.05915047731529571,0.7387914230019492,0.5348990791009919
Cate Blanchett,17,0.04537754586278324,0.7429193899782134,0.5336563929929674
John Ratzenberger,13,0.04919301284122045,0.7407407407407407,0.5332522127578797
Edward Norton,11,0.05939933372834016,0.734006734006734,0.5314462335731126
John Wayne,9,0.02467755840247801,0.7503429355281207,0.5313262961772585
Barbara Hershey,8,0.03276408353829933,0.75,0.5312496927882023
Gregg Henry,6,0.15918349476771632,0.728395061728395,0.5311854264952589
Cillian Murphy,11,0.07884588337634829,0.7239057239057238,0.5302099061384581
Michael Rooker,9,0.11190431258622215,0.7105624142661179,0.5296521074479367
Gregory Peck,6,0.02151371516719136,0.7839506172839505,0.528887774843845
Jake Gyllenhaal,8,0.04249135926514151,0.7422839506172839,0.5287832596342221
Leonardo DiCaprio,9,0.038300697268272885,0.7407407407407407,0.5286982158456733
Sean Astin,6,0.05574897463509443,0.7674897119341564,0.5276950987838972
Enzo Cilenti,6,0.06922540599405239,0.7613168724279835,0.5274302276924044
Marcia Gay Harden,8,0.03761909748128748,0.7407407407407407,0.5262583469135748
Burt Lancaster,8,0.023087751517435768,0.7469135802469136,0.5262201878922038
Viggo Mortensen,11,0.04564504185096595,0.7317620650953984,0.5257505884480467
Peter Mullan,6,0.03926327226605511,0.7716049382716049,0.5257279834166748
Chris Mulkey,7,0.06962036571020482,0.7336860670194003,0.5248533325186808
Elijah Wood,13,0.05078859390714127,0.7274453941120608,0.5244245452130665
Ajith Kumar,7,0.0016985862069943333,0.7619047619047619,0.5242410985438687
Emily Watson,10,0.035349283276930044,0.7333333333333333,0.5234607838679282
Powers Boothe,7,0.07201221451195411,0.7301587301587301,0.5231332556632807
Alan Tudyk,9,0.05733070478412383,0.7242798353909464,0.5228989592754192
Tom Lister Jr.,8,0.09706727271681632,0.7098765432098765,0.522513096511337
Flea,6,0.17121936037140773,0.7078189300411522,0.5209047392729045
Domhnall Gleeson,7,0.038879037859095,0.7407407407407407,0.5206462609715229
Lois Smith,8,0.042355471814068964,0.7299382716049382,0.5201586303850263
Emma Watson,7,0.22960306912192713,0.6578483245149911,0.5198533025327658
Emma Thompson,10,0.12955023472555127,0.6876543209876542,0.5197491452368694
Chris Cooper,15,0.042446305917007494,0.7242798353909464,0.5197265832382716
Al Pacino,12,0.04937192417130859,0.7201646090534979,0.5188627708359443
Maggie Gyllenhaal,9,0.07171144318019537,0.7119341563786008,0.5185819063898356
Jeremy Renner,10,0.07866311572920721,0.7074074074074074,0.5183114810118726
Toby Jones,11,0.04959652046853949,0.7194163860830527,0.518296557273563
Eddie Marsan,12,0.03949227772151579,0.7232510288065843,0.5180594698633826
Christopher Lee,13,0.04885236313045686,0.7188983855650521,0.5178610679785606
Bert Stevens,5,0.04101314593564387,0.8222222222222222,0.5177849292769087
Meryl Streep,16,0.028889912391133647,0.7260802469135802,0.5169219781428978
Alfred Hitchcock,5,0.03543049138233537,0.8222222222222222,0.5163097735315344
Ving Rhames,6,0.12603425224041315,0.7201646090534979,0.5162242118795773
Zach Grenier,8,0.061528604874806235,0.7160493827160493,0.5162149205886133
Elliott Gould,7,0.027560342400427852,0.7389770723104055,0.5160993637600771
Josh Brolin,11,0.057277067128813135,0.712682379349046,0.5158877246311687
Richard Dreyfuss,8,0.03402080388647588,0.7268518518518519,0.5155289308496789
Tom Wilkinson,15,0.03743769283485852,0.7201646090534979,0.5153433678088194
Hal Holbrook,10,0.03704127923369777,0.7209876543209875,0.5153338181797621
Don Cheadle,10,0.03966474632466074,0.719753086419753,0.5152567310705315
Peter Ustinov,7,0.032308551172007684,0.7354497354497354,0.5150734803000773
F. Murray Abraham,9,0.03404301898405428,0.7229080932784636,0.514972082818931
Dustin Hoffman,13,0.03569912409707439,0.7198480531813864,0.5145800125596653
Ryan Gosling,12,0.03627344518382042,0.7191358024691358,0.5142136362794292
Kevin Spacey,14,0.08639439958740415,0.6975308641975309,0.5141813371116485
Noah Emmerich,8,0.03187696027742702,0.7253086419753085,0.5138170653126419
Helen McCrory,6,0.04035202720783393,0.7530864197530863,0.5136909362275953
Emile Hirsch,8,0.03412461599315888,0.7237654320987654,0.5134138320779449
Jeff Goldblum,8,0.1055911451419612,0.6929012345679012,0.5132499567343602
Michael Gambon,10,0.03829523190306024,0.7172839506172839,0.5131194306480332
Orson Welles,7,0.02481415382463714,0.7354497354497354,0.5128655998371349
Luke Evans,7,0.18512718286764784,0.6666666666666666,0.5128123359637605
Kurt Russell,15,0.0796495692226564,0.6979423868312756,0.5124513929385109
Adrien Brody,9,0.033055863284298645,0.7187928669410151,0.5118031327147587
Whit Bissell,6,0.028920081462398935,0.7551440329218106,0.5117960238539688
Jennifer Jason Leigh,8,0.038979003746748356,0.7191358024691358,0.5116413505498739
Kristen Wiig,10,0.041095421043415806,0.7135802469135802,0.5113684914474272
Christopher Fairbank,9,0.06939820061602811,0.7023319615912208,0.5111847330289888
Joel Edgerton,10,0.03759697511060498,0.7148148148148148,0.5111833240492591
Dennis Franz,7,0.0313727943237157,0.7301587301587301,0.5111607143500823
Bill Murray,22,0.03176249195338909,0.7166105499438832,0.5111561296828312
Michael Bowen,7,0.04696942876142711,0.7231040564373897,0.5109060965638841
Ewen Bremner,9,0.03934714364185916,0.7146776406035664,0.5108123143789196
Josh Gad,8,0.15358130284407548,0.6682098765432098,0.5103823750411748
Wayne Knight,8,0.0417193856638314,0.7160493827160493,0.5103119288706525
Hugh Grant,10,0.03431514702008032,0.7148148148148148,0.5101996725961222
Amy Ryan,9,0.030429009442340067,0.7174211248285322,0.5100591799102434
Walter Gotell,7,0.035063486630867155,0.7266313932980599,0.5098232821647042
J.T. Walsh,8,0.025647343112236543,0.7222222222222222,0.509814654368733
Prakash Raj,7,0.0060797993778137355,0.7389770723104057,0.5097711069203644
Eli Wallach,6,0.04039263363938907,0.7469135802469136,0.5095864793765946
Zeljko Ivanek,8,0.03552198439839932,0.7175925925925926,0.5095381689578853
Rhoda Griffis,6,0.13608115754840794,0.7057613168724279,0.5094911960639608
Chris Evans,9,0.08292562490193665,0.6941015089163237,0.5094858545410832
Bruno Ganz,7,0.03340561858689617,0.7266313932980599,0.5093348673803314
Albert Finney,8,0.027473782672665547,0.720679012345679,0.5092859020285254
Geoffrey Rush,13,0.05551073746908793,0.7037037037037036,0.5092226951587253
Keith Szarabajka,5,0.11230163842895671,0.7777777777777777,0.5092195622820641
Tony Curtis,9,0.02030519583380047,0.7201646090534979,0.508945235976109
Benicio del Toro,12,0.047349376219276484,0.70679012345679,0.5088950966413587
Karen Gillan,5,0.24292242708984846,0.7209876543209875,0.5087202826156474
Ed Harris,20,0.03959566984469522,0.7092592592592591,0.5083601613890958
Keira Knightley,10,0.05678522435731698,0.7024691358024691,0.5083004523533392
Chris Pratt,5,0.18813552062157707,0.7432098765432098,0.5079447263566931
Natalie Portman,11,0.0384935660118077,0.7093153759820426,0.5078984520415427
Vernon Dobtcheff,6,0.03444816676449321,0.7469135802469136,0.507887715773761
Nicky Katt,7,0.08545278852407669,0.7019400352733686,0.5076951011110515
Xander Berkeley,9,0.041490112974272464,0.7091906721536351,0.5076222346806873
Robert Redford,14,0.029287374626935966,0.7125220458553791,0.507543167652722
Vincent Schiavelli,6,0.04280904587501887,0.7427983539094649,0.5075329822146638
Alan Rickman,9,0.04110861388848327,0.7091906721536351,0.5075080679459927
Thelma Ritter,5,0.03667075334955368,0.8074074074074074,0.5075033073467597
R. Lee Ermey,7,0.03433015288780757,0.7231040564373897,0.5071825136026876
Kevin Kline,9,0.1294654332377695,0.6707818930041152,0.507129905716564
Johnny Depp,16,0.05183457049269672,0.7021604938271604,0.5070615707006418
Paul Bettany,8,0.08417662304619422,0.6929012345679012,0.5068685973668307
Brian Cox,18,0.037403570110778335,0.7078189300411522,0.5066941670631185
Joe Lo Truglio,8,0.03654248208478658,0.7129629629629629,0.5066232183060577
Daniel Kash,6,0.03955554040207188,0.742798353909465,0.5066032206741625
Dianne Wiest,8,0.02553637965282396,0.7175925925925926,0.506562537183398
Marton Csokas,8,0.0615119849639628,0.7021604938271604,0.5065528151474997
Jared Leto,6,0.05375496188882224,0.7366255144032922,0.5065449600895747
Mia Farrow,6,0.02947272950709743,0.7469135802469136,0.5064658739334539
James Caan,12,0.03607605148662046,0.7078189300411523,0.5062335922863466
Rance Howard,12,0.02837572981076201,0.7109053497942386,0.5060840080709081
Rutger Hauer,8,0.03414428025496351,0.7129629629629629,0.5059085729993108
Rade Serbedzija,7,0.042281372963164233,0.7178130511463844,0.5058878878199241
Vera Farmiga,10,0.036772791151404034,0.7074074074074074,0.5057558329076038
Tom Hanks,18,0.05979536401601704,0.6968449931412894,0.5057299496997425
Mahershala Ali,7,0.04495887354134723,0.7160493827160493,0.5054643278633567
Sean Bean,13,0.05360258616715723,0.6989553656220322,0.5053265899938769
Jeremy Irons,6,0.04441535904685337,0.7386831275720165,0.5052479812302327
Stephen Graham,8,0.038786623481141286,0.7098765432098765,0.505145920849766
Kenny Baker,7,0.031193324575383215,0.7213403880070546,0.5050460283010026
Frances McDormand,8,0.030673788478690168,0.7129629629629629,0.5048743937116565
Roger Allam,8,0.04797633801974929,0.7052469135802468,0.5046653326484366
Jake Busey,6,0.046822516966144125,0.736625514403292,0.5045638597888852
Paul Newman,9,0.03394233511672771,0.7078189300411522,0.5044056549486979
Max von Sydow,10,0.037698181242421455,0.7049382716049382,0.5043063766062418
Victor Garber,8,0.039505104668128045,0.7083333333333333,0.5042870056175928
Michael Byrne,7,0.04504754340243115,0.7142857142857142,0.5042780876675097
Dave Franco,8,0.04220516547090108,0.70679012345679,0.5040185855450667
Simon McBurney,7,0.03582492995573323,0.7178130511463844,0.5039857929995568
Rosamund Pike,10,0.08797890695414212,0.682716049382716,0.5038354681771063
Diane Keaton,12,0.03985612030666013,0.7026748971193415,0.503767094277127
Charlize Theron,14,0.04105837887885112,0.7019400352733686,0.5036671262573728
John Hurt,16,0.03281981809360717,0.7052469135802468,0.5035176468185109
Bryan Cranston,7,0.04591591921290076,0.7125220458553791,0.5033215520700043
Richard Kind,7,0.03738149121010214,0.7160493827160493,0.5032319996808551
Alan Arkin,9,0.026591518894884442,0.7091906721536351,0.5031637080394875
Bradley Cooper,17,0.09049535973848305,0.6797385620915032,0.5029651831556026
Steve Carell,9,0.0321363397142504,0.7064471879286693,0.5029073507739512
William Fichtner,11,0.06890646279887024,0.6891133557800224,0.502882589570653
Jena Malone,9,0.04151689537190321,0.7023319615912208,0.5028410234440465
Lucy Liu,6,0.04074979571053167,0.736625514403292,0.5028284446446349
Kevin Costner,13,0.03551200784593499,0.7027540360873694,0.5025586114892759
Matt Damon,20,0.040112938841102314,0.7006172839506173,0.502465959615985
Kate Winslet,9,0.030569354775921202,0.7064471879286693,0.5024384176614258
Michelle Pfeiffer,7,0.037259548579810106,0.7142857142857142,0.5019837121737424
Mark Ruffalo,13,0.06448879048445913,0.6894586894586894,0.5019449315017855
Patricia Clarkson,9,0.04152136684094729,0.7009602194787379,0.5018845163500628
Russell Crowe,15,0.040152699445550305,0.6995884773662551,0.5017546611028565
Edie McClurg,6,0.051126993660850176,0.7304526748971193,0.5016778986857261
Tom Cruise,15,0.045492800398340125,0.697119341563786,0.5016282971033723
Joe Spinell,9,0.040408082835700035,0.700960219478738,0.5015513569680321
Ewan McGregor,16,0.09756335179469065,0.6743827160493827,0.5013357735889832
Jon Hamm,10,0.10748326914179791,0.6703703703703703,0.5010473439649479
Alison Pill,6,0.038810724592917366,0.7345679012345678,0.5009022916043474
Brad Pitt,15,0.05267025366520883,0.6930041152263374,0.5009008791166295
Simon Callow,7,0.03253153750905308,0.7142857142857142,0.5005908205524617
Philip Seymour Hoffman,17,0.032052579897639946,0.70079883805374,0.5001745446974114
Tommy Flanagan,5,0.16430133071452546,0.7407407407407407,0.5001244355889011
Michael Sheen,10,0.05251147222493972,0.6925925925925925,0.5001122131743494
Talia Shire,7,0.055542228566416774,0.7037037037037036,0.5000956891109487
Helen Mirren,12,0.03357210705330943,0.6995884773662551,0.49972189569112624
Clancy Brown,9,0.043662517028125805,0.6968449931412894,0.4996517374754979
Amy Adams,11,0.03690703967070113,0.6980920314253647,0.49956894718712375
Colin Farrell,16,0.04290673649803195,0.695216049382716,0.4995221264327589
Bill Paxton,13,0.05855050550180403,0.6885090218423551,0.49949878973021955
Jude Ciccolella,5,0.06956556391165589,0.7802469135802469,0.4994493847343009
Mark Strong,13,0.03333299620575244,0.6989553656220322,0.49924598906431056
Eric Roberts,7,0.08968440403426023,0.6878306878306878,0.4992428509165891
Laura Dern,6,0.03298684058960739,0.7345679012345678,0.4992379872385969
Heath Ledger,6,0.09999113175401156,0.7057613168724279,0.49917766862153196
Robert Duvall,20,0.03630183684614069,0.6975308641975309,0.4991621353271122
Kevin Bacon,19,0.03379925376688948,0.6985055230669266,0.49909358611133153
Dexter Fletcher,7,0.035654913286396125,0.710758377425044,0.49908625457040723
Marlon Brando,9,0.0540935244280458,0.691358024691358,0.49894192123906295
Gemma Jones,6,0.05111762794459031,0.7263374485596708,0.49893118152947935
Bob Gunton,10,0.050678508371491696,0.691358024691358,0.49869941479281593
Michael Caine,20,0.05468142118699637,0.6888888888888889,0.4986266279354892
Kyle Chandler,6,0.04525015175976402,0.728395061728395,0.4986264400757307
Jamie Foxx,12,0.10165929189907504,0.6687242798353908,0.4985432583286569
Don McManus,8,0.0488060964135819,0.6959876543209876,0.49847449223965906
Brendan Gleeson,16,0.03747315749282865,0.6959876543209876,0.4984321786516291
Zoe Saldana,13,0.10116104671534848,0.6685660018993352,0.498321891565263
Shah Rukh Khan,8,0.011949419990394124,0.7114197530864197,0.49822166200522455
Melissa Leo,11,0.03722181470492538,0.6958473625140291,0.4980926067165101
Jason Schwartzman,7,0.02387152748033488,0.7142857142857142,0.4980395457714414
Vin Diesel,11,0.10501825609559813,0.6666666666666666,0.4980050814020302
Bradley Whitford,10,0.03894967754352982,0.6950617283950616,0.49777420182204224
Martin Freeman,6,0.04575891809919365,0.7263374485596708,0.4973998110239173
Laura Linney,12,0.03983976192453705,0.6934156378600823,0.4972815056662285
John Sessions,8,0.040821517097315206,0.6975308641975309,0.4971681673065224
Ryan Reynolds,9,0.10546679120899316,0.6666666666666666,0.4970745793338753
Gary Lewis,6,0.034998679063834706,0.7304526748971193,0.4970688741274152
Rod Steiger,5,0.0307519258626843,0.7925925925925925,0.4968051296403422
Karen Allen,8,0.032059037355825964,0.7006172839506173,0.4967030511393191
Pete Postlethwaite,6,0.04799018888829004,0.7242798353909464,0.49666542592373053
Holt McCallany,9,0.058857484407973906,0.6858710562414265,0.49653619451843456
Jeff Daniels,14,0.0315630318193056,0.6957671957671957,0.4964976542275647
Philip Baker Hall,14,0.037420933993228406,0.693121693121693,0.4964031746058601
Liv Tyler,5,0.05790416310764227,0.7802469135802469,0.4963679864083097
Frank Grillo,12,0.043465767845224684,0.6903292181069958,0.496208945979655
Jack Lemmon,7,0.02170742736224609,0.7125220458553791,0.4961896302199953
Elisabeth Shue,6,0.03665019043271069,0.728395061728395,0.4961688098801833
Simon Pegg,8,0.04823038945558532,0.6929012345679012,0.49615690212446145
Michael Jeter,6,0.030889514860516196,0.7304526748971193,0.49589458907653144
Shane Rimmer,9,0.037162815541619876,0.6941015089163236,0.4957909579876292
John C. Reilly,19,0.0424057848187689,0.6900584795321637,0.49576261532741267
Lindsay Crouse,7,0.024263923755005752,0.710758377425044,0.4957304219298064
Sean Penn,15,0.02835966640634594,0.6954732510288065,0.4953361321916859
Thomas Kretschmann,10,0.044014139351400285,0.6888888888888888,0.49497510515585214
Jeffrey Jones,6,0.04188578595936239,0.7242798353909464,0.49492095703679184
Laurence Olivier,5,0.029174750848681152,0.7901234567901234,0.49486601297724236
Ben Whishaw,8,0.043882694668419986,0.6929012345679012,0.49486132323023424
Clark Gregg,6,0.08471842656969433,0.7057613168724279,0.4948131534799817
Juliette Lewis,8,0.04350325870529634,0.6929012345679012,0.49474825429379815
Graham McTavish,7,0.03733898965370351,0.7037037037037036,0.494732939620257
Michael J. Fox,8,0.03621918036770232,0.6959876543209876,0.4947236901317027
Naomie Harris,7,0.06116454427653561,0.693121693121693,0.4944778703562308
Seth Rogen,8,0.038583926538491915,0.6944444444444444,0.49435534893283484
Michelle Monaghan,9,0.04460549879122306,0.6886145404663923,0.4941868612059474
Judi Dench,13,0.04949328275856908,0.684710351377018,0.4941227976511759
Denzel Washington,19,0.0320987446025213,0.6920077972709551,0.49403502587410697
Rafe Spall,6,0.04356853630290988,0.7222222222222222,0.49402982002126633
Anthony Hopkins,13,0.04682970261808811,0.6856600189933523,0.493988497037704
Cary Elwes,11,0.051014432585740725,0.6835016835016835,0.4935899272527982
J.D. Evermore,9,0.03617276499114402,0.691358024691358,0.4935789867934228
William Hurt,13,0.03202085884894739,0.691358024691358,0.49353446850842914
Tom Waits,9,0.02518182755031241,0.6954732510288065,0.4931633941485604
Clint Eastwood,12,0.02838242250913009,0.6923868312757201,0.49312465222902113
Sean Connery,15,0.036291771979336085,0.6888888888888889,0.4931067240635975
Chris Tucker,6,0.0494297769932098,0.7181069958847736,0.49296075919651355
Rory Cochrane,7,0.034779679915622044,0.7019400352733686,0.49276659367977427
Maggie Smith,7,0.04709871185078754,0.6966490299823633,0.49275874334059777
Vivek,5,0.003478662351247254,0.7975308641975308,0.49264319703792736
Ralph Fiennes,9,0.03938605741350626,0.6886145404663923,0.4926249005061169
Charles Durning,8,0.018164089113865363,0.7006172839506173,0.4925624657118862
Zach Galifianakis,9,0.04548228037776181,0.6858710562414265,0.49253355486113387
Paul Dano,10,0.029752140467669264,0.691358024691358,0.4924272239194112
James McAvoy,7,0.045973104671362626,0.6966490299823632,0.4924271348088894
Imelda Staunton,7,0.036390076673690985,0.7001763668430335,0.4920286605231806
Tom Hollander,8,0.04156699840495505,0.6898148148148148,0.49202522997010545
Marion Cotillard,7,0.02761793068896054,0.7037037037037036,0.4918690754331122
Shirley Henderson,6,0.05028511022693768,0.7160493827160493,0.4918331693417167
Roy Scheider,9,0.023887326431506373,0.6941015089163237,0.491818158839132
Henry Goodman,6,0.059744524263957585,0.7119341563786008,0.49179236656713626
Jessica Chastain,11,0.03713685485906166,0.6868686868686869,0.49178416205843434
Jay Leno,12,0.045095772937199026,0.6831275720164609,0.49165735695458274
Malcolm McDowell,7,0.035122443546998505,0.7001763668430334,0.49165521055984424
Carey Mulligan,6,0.03486516219727516,0.7222222222222222,0.49154263732454107
Sigourney Weaver,21,0.0470126719893224,0.6819517930629041,0.49147004925575066
Vanessa Redgrave,10,0.029356523143859222,0.6901234567901234,0.49144523664788725
Jim Cummings,12,0.04155440542718691,0.684156378600823,0.4913151535418887
Ethan Suplee,10,0.03090945196509565,0.6888888888888888,0.4910472806522894
Jenny Agutter,6,0.08078877289503647,0.7016460905349794,0.49094612686007594
David Bradley,7,0.040121805926674914,0.6966490299823632,0.4907033179918149
Giovanni Ribisi,12,0.043604240847844936,0.6820987654320987,0.4904898767972204
Jess Harnell,8,0.04716481788170363,0.6851851851851851,0.49047428525567366
Clea DuVall,8,0.03617295766852443,0.6898148148148148,0.49041784820233475
Jennifer Connelly,12,0.03362144503386685,0.6862139917695472,0.4903757105784716
Toni Collette,14,0.03534036839880212,0.6851851851851851,0.49022355258217476
Marco Perella,9,0.02809930019057115,0.6899862825788751,0.4902050909262376
Tilda Swinton,12,0.03537587861552708,0.6851851851851851,0.49018189996204653
Strother Martin,5,0.034014497432520774,0.7802469135802469,0.49005540209215503
Christopher Plummer,19,0.029149603196028846,0.6874593892137751,0.489966398269997
Emily Blunt,7,0.0375175249357359,0.6966490299823633,0.4899360860379443
John DiMaggio,7,0.0536648305668723,0.689594356261023,0.489843698263462
Chris Messina,7,0.03697633168736005,0.6966490299823632,0.48977664826805006
Morgan Freeman,27,0.05970503872963816,0.6739826245999085,0.48969934882034055
Hugh Jackman,15,0.031840820402488895,0.68559670781893,0.489466934205214
Evan Jones,6,0.12738333139091323,0.6790123456790123,0.4891693343022157
Martin Landau,10,0.03022183108008079,0.6864197530864197,0.48911436191879054
Daniel Craig,14,0.041878326806330746,0.6807760141093474,0.4890985391409847
Frank Medrano,5,0.06433663752693068,0.7654320987654321,0.488933505890342
Julie Delpy,10,0.0342759356404503,0.6839506172839506,0.4886026648325178
Martin Sheen,7,0.032929177039818666,0.6966490299823632,0.48858433976575955
Jack Thibeau,7,0.03698364529109039,0.6948853615520282,0.48856644018221507
John Heard,9,0.028903147707420924,0.6872427983539094,0.4885299584620583
David Andrews,7,0.06941100497597487,0.6807760141093474,0.4884207728677337
Melanie Lynskey,7,0.02820384354572994,0.6984126984126984,0.48840459967339317
Rob Lowe,6,0.038173087691959096,0.7160493827160493,0.4883718895546234
Barry Pepper,11,0.0462125057686566,0.6778900112233445,0.48822297902339257
Lee Pace,7,0.06459553701023606,0.6825396825396824,0.4882144787871318
Leslie Phillips,6,0.042308141352918015,0.713991769547325,0.4881815527464838
Robert De Niro,30,0.03132170907187042,0.6839506172839506,0.48816194481940894
Ethan Hawke,17,0.029199745468710032,0.6848220769789397,0.48813497162762304
Juliette Binoche,9,0.017919935928459318,0.691358024691358,0.48811667778496176
Wallace Shawn,11,0.04047944999236129,0.6801346801346801,0.4880743803777311
George Clooney,20,0.03976173736197315,0.6796296296296296,0.4876692417601297
Frances Conroy,11,0.027956711140213555,0.6846240179573513,0.48746030119857175
Lois Maxwell,7,0.03720902722375451,0.693121693121693,0.48742047592823495
Jeffrey DeMunn,7,0.04521910922691717,0.689594356261023,0.48735555381666607
Desmond Llewelyn,11,0.04195506568616263,0.6778900112233445,0.4869461753185705
Rachel Weisz,14,0.038370910743020556,0.6790123456790123,0.486811784613447
Robert Downey Jr.,18,0.055231868967217074,0.6714677640603566,0.4865968466813101
Ricky Jay,6,0.03618036416768725,0.713991769547325,0.4864304041460088
Woody Allen,10,0.0294437217800067,0.682716049382716,0.48629091118997597
David Strathairn,7,0.033325766228473656,0.693121693121693,0.4862764511739303
Samuel L. Jackson,30,0.049897917057973404,0.6732510288065843,0.48624509528108706
Stephen Root,13,0.042403173474395185,0.6761633428300095,0.4860132270569531
Alan Alda,7,0.02750917005108495,0.6948853615520282,0.4857752205804976
J.K. Simmons,25,0.04202422763075491,0.6755555555555555,0.48549615704268767
Jeffrey Wright,13,0.0379046513285068,0.6771130104463438,0.4853284688325959
John Franchi,6,0.06063547065987296,0.7016460905349794,0.48518687257630116
Robin Wright,8,0.032957271453332354,0.6836419753086419,0.4851675310422095
Katie Holmes,7,0.03740804417694357,0.6895943562610228,0.48505438173847887
Gary Oldman,15,0.06896345615877816,0.6633744855967078,0.4850481965262078
Olivia Thirlby,7,0.029151799182672907,0.693121693121693,0.4850467832144883
Marisa Tomei,14,0.034438388354627855,0.6781305114638447,0.48501477395944614
Om Puri,7,0.012369938217733214,0.7001763668430334,0.4849522283624694
Mel Gibson,21,0.03480156270602096,0.6778365667254556,0.4849260581342111
Michael Fassbender,8,0.03921631516870129,0.6805555555555555,0.484886642938813
Patrick Wilson,6,0.045016338411366444,0.7078189300411522,0.48483941923912277
Salma Hayek,8,0.035069227705358044,0.6820987654320987,0.4847238604332849
Jim Broadbent,19,0.03568710553395681,0.6770630279402209,0.484650196678147
Joaquin Phoenix,12,0.02633792587165663,0.6810699588477366,0.4845905457306016
Cheech Marin,17,0.03748948231674948,0.6761074800290486,0.48452167782166866
John Gielgud,9,0.03085088558415299,0.6803840877914952,0.4843236089294477
Michael Gaston,7,0.030386454451554815,0.691358024691358,0.48419815506073327
Emily Mortimer,7,0.03426114561006964,0.6895943562610228,0.4841272924019226
Woody Harrelson,15,0.06762020914225778,0.6625514403292181,0.48406909674980586
Sofia Coppola,5,0.056889652383718445,0.7604938271604937,0.48392099042425263
Gerry Becker,7,0.02521371599867904,0.693121693121693,0.4838866076165888
Charlton Heston,12,0.030914478596418743,0.6779835390946501,0.4838031148975547
Michael Douglas,12,0.033218569541048966,0.676954732510288,0.48377418114259924
Dylan Kenin,7,0.04115747756287979,0.6860670194003526,0.48373425491792316
Adam Goldberg,6,0.03621112273020022,0.7098765432098765,0.483695153394707
Jude Law,9,0.03504095649420216,0.6776406035665294,0.4836618316269156
Sam Elliott,10,0.03186685560835904,0.6777777777777777,0.48356354824810505
Richard Crenna,8,0.03459816574251497,0.6805555555555555,0.4835104706866538
Chris Hemsworth,6,0.09777067255931401,0.6831275720164609,0.48345089920794554
Jonah Hill,15,0.03283685336079601,0.6765432098765432,0.4834283326354857
Anna Paquin,9,0.024487702379781665,0.681755829903978,0.48337721931219807
Matthew Broderick,12,0.03173273190233498,0.676954732510288,0.48332848485427665
Paul Giamatti,13,0.03337400503381644,0.6761633428300095,0.4833045994962805
Ben Affleck,16,0.06984027089452946,0.6604938271604938,0.4832966678710337
Mel Brooks,6,0.038844362147134055,0.7078189300411522,0.48307563976892187
Tim Robbins,12,0.04277181741397946,0.6718106995884774,0.48303942313555265
John Benjamin Hickey,7,0.030340354777177878,0.6895943562610228,0.4829722112021964
Harris Yulin,8,0.029142066111912238,0.6820987654320987,0.48295761283793587
Scoot McNairy,8,0.09034540758665349,0.6558641975308641,0.48295443913374475
Corey Stoll,6,0.04292936591241656,0.7057613168724279,0.4828710000900809
James Nesbitt,5,0.04705896445850277,0.7629629629629628,0.48284570338450167
David Morse,10,0.043775080691314215,0.671604938271605,0.4828157100588286
William H. Macy,19,0.029506956002891133,0.6770630279402209,0.4827961520274726
John Carroll Lynch,9,0.04778801466462679,0.6707818930041152,0.4826872673875826
Keith Stanfield,5,0.06915900433062319,0.7530864197530864,0.4825959372674221
Bernard Hill,6,0.041273590015321646,0.7057613168724279,0.4823978253062643
Bill Hader,11,0.042356882668748,0.6711560044893378,0.4823544560497539
Dylan Baker,8,0.02328012351507996,0.6836419753086419,0.4822838169732907
Steve Martin,11,0.02624374715488321,0.6778900112233445,0.48223436039700246
Seth Green,13,0.08507885391712187,0.6524216524216524,0.4821969211639407
Shea Whigham,9,0.023736084019559362,0.6803840877914952,0.4821944461270007
Lasco Atkins,5,0.06180189664352944,0.7555555555555555,0.48217426690143567
Daniel Stern,6,0.030132052839516796,0.7098765432098765,0.48195792398680387
Ben Foster,9,0.028980916843117762,0.6776406035665294,0.4818483149899017
Kirsten Dunst,15,0.042499957511373955,0.6699588477366255,0.4817182208900064
Timothy Spall,7,0.03733783537148822,0.6843033509700176,0.48139660982268556
Scott Glenn,10,0.03036646403415611,0.6753086419753086,0.481387020450562
Ron Canada,6,0.05137876502460886,0.6995884773662551,0.48116954274269674
Rachel McAdams,10,0.032233799288799235,0.674074074074074,0.48108330045287917
David Krumholtz,9,0.035827182322882324,0.6735253772290809,0.4810235805100043
Danny Glover,10,0.03461281422288463,0.6728395061728395,0.4809329445091141
Harry Dean Stanton,13,0.04982955547003982,0.6657169990503323,0.48092893183651847
Angelina Jolie,7,0.04749682035532694,0.6790123456790123,0.48075240071550934
Jack McGee,9,0.03490491398256274,0.6735253772290809,0.48074758413452495
Jamie Bell,13,0.039806171657265924,0.6695156695156694,0.4805810018144208
Kris Kristofferson,9,0.031120415371747995,0.6748971193415637,0.4805728870607703
Danny Huston,14,0.027746924337455264,0.6746031746031745,0.4805382737169929
Max Martini,6,0.04420525821597683,0.7016460905349794,0.4804915739946256
James Rebhorn,7,0.03778443218352824,0.6825396825396824,0.4803158163873381
Naomi Watts,12,0.038271481962128304,0.6697530864197531,0.48024933760579885
Elias Koteas,10,0.035074412675422766,0.671604938271605,0.48020788768025763
Vinnie Jones,8,0.03035012558217512,0.677469135802469,0.4800985541243534
Josh Hartnett,7,0.03250522723489629,0.6843033509700176,0.4799729034730908
Aaron Eckhart,14,0.05662865828350898,0.6613756613756613,0.4799435445745379
Robert Mitchum,6,0.022555078725987526,0.7098765432098765,0.4797926351367584
Hayley Atwell,6,0.04618576488226529,0.6995884773662551,0.4796855274698423
John Ortiz,10,0.0275341422828892,0.674074074074074,0.4796746878395447
Michael Shannon,18,0.035132988687816905,0.6700960219478738,0.47960696525697305
John Magaro,6,0.03567940452583391,0.7037037037037036,0.47942714205160963
James Gandolfini,14,0.028073645882912415,0.6728395061728395,0.47940174126142054
Anthony Zerbe,5,0.045375928884741346,0.7580246913580246,0.4793562488999277
Abigail Breslin,9,0.03024322029036425,0.6735253772290809,0.4793525340103971
Paul Dooley,10,0.029153063372845796,0.6728395061728395,0.4792965114878624
William Sadler,7,0.045734479078468754,0.6772486772486772,0.4790208449807706
Dennis Farina,6,0.029247641325415002,0.7057613168724279,0.4789611430345144
Bill McKinney,7,0.032683627742917325,0.6825396825396824,0.47881309829704816
Glenn Close,6,0.06701159250088132,0.6893004115226337,0.47877686910121403
Bill Pullman,11,0.025066198722522297,0.6734006734006733,0.4787397317087476
Isla Fisher,10,0.04629072414703918,0.6641975308641975,0.4783892543155246
Mark Smith,4,0.2583085272399229,0.824074074074074,0.4783640943265093
Djimon Hounsou,11,0.055100868726141526,0.6599326599326598,0.4783226631931243
Viola Davis,14,0.0301494339624308,0.6701940035273368,0.47817264636139944
Dick Miller,10,0.03401883471881299,0.6691358024691357,0.47816468239359905
Tommy Lee Jones,9,0.023045349197313325,0.6748971193415637,0.4781563571871242
Clifton Collins Jr,7,0.030453381932556697,0.6825396825396824,0.4781560586547636
Robbie Coltrane,11,0.041382096017271615,0.6655443322109988,0.4781352648404444
David Wenham,7,0.0416414147332011,0.6772486772486772,0.477815011291601
Angus MacInnes,6,0.03475755683625701,0.7016460905349794,0.47779168322694593
Allison Janney,18,0.03214101270884568,0.668724279835391,0.4777491535528526
Billy Crystal,7,0.037188589316852434,0.6790123456790123,0.47771555320630565
Mary Ellen Trainor,9,0.040647291730957096,0.6666666666666666,0.4776768117490877
Kevin McNally,9,0.059265256855644544,0.6584362139917694,0.4775013194160684
Peter Falk,9,0.017607083562628602,0.6762688614540466,0.4774867567490003
Steve Zahn,15,0.06078263633756478,0.6559670781893003,0.4774088123326573
Vincent Cassel,8,0.03912463869089275,0.6697530864197531,0.47734820519438664
Miriam Margolyes,8,0.04616684604258709,0.6666666666666666,0.47730069370264766
Robert Forster,7,0.0397267927485069,0.6772486772486772,0.47725095573409715
Ned Bellamy,7,0.0561301237449915,0.6701940035273368,0.4772339940914263
Lance Henriksen,9,0.04508921001200259,0.6639231824417009,0.477090401840762
Jonathan Pryce,9,0.05467871246697718,0.6598079561042524,0.4770866035560469
Patrick Malahide,9,0.03507269348067248,0.6680384087791494,0.47696641265603845
Channing Tatum,12,0.034349481810155603,0.6666666666666666,0.47691265551233003
Harrison Ford,17,0.03562917387832519,0.6659404502541757,0.47684667082971904
Dean Jagger,5,0.01791408828358783,0.7654320987654321,0.47666685217259586
Matt Winston,5,0.06395099676227967,0.7456790123456789,0.4766526819530517
John Cho,9,0.03692185287122044,0.6666666666666666,0.4765619435730847
James Earl Jones,15,0.02703239645930298,0.6691358024691357,0.47650185293761466
Paul Calderon,6,0.029476947618682685,0.7016460905349794,0.47628263171258955
Michael Biehn,8,0.0390070821838225,0.6682098765432098,0.4762401572966924
Josh Pais,10,0.024697765226379648,0.6703703703703703,0.47623431933998883
Victor Argo,9,0.025992392714470864,0.6707818930041152,0.47616474851039997
Bruce Greenwood,14,0.034996902052746554,0.6649029982363315,0.47592322065402554
Evan Rachel Wood,8,0.026841319630790308,0.6728395061728395,0.4758339065674058
Albert Brooks,6,0.04199272698231106,0.6954732510288065,0.4757432329504074
Ray Liotta,17,0.027947266124734204,0.6673928830791576,0.4755588025520285
Matt Walsh,8,0.04380977080072028,0.6651234567901234,0.4755252868140247
Jason Statham,21,0.041735529928509936,0.6613756613756613,0.47548361469991
Mark Wahlberg,18,0.052434902030890726,0.6563786008230452,0.4751953458220398
Anna Levine,7,0.032580736985691076,0.6772486772486772,0.4751456981430576
John Mahoney,8,0.024182842329711282,0.6728395061728394,0.4750417012147606
Liam Neeson,25,0.04121790386385961,0.6607407407407406,0.4748838895452089
Bruce Campbell,10,0.03739621887641999,0.662962962962963,0.4748599235365625
John Malkovich,13,0.03398024126061877,0.6638176638176637,0.4748448791263898
Bill Nighy,11,0.04013168570715274,0.6610549943883277,0.4746187849191344
Alun Armstrong,6,0.04236473077207138,0.6934156378600822,0.4744775209586939
Nestor Serrano,6,0.03266009359788856,0.6975308641975309,0.47444824576854644
Hank Worden,5,0.02634404195939288,0.7580246913580246,0.474327279782252
Jeff Bridges,14,0.03366724652281584,0.6631393298059964,0.4742897833749925
Jim Caviezel,7,0.03368105986433712,0.6754850088183421,0.47425749511140447
Michael Culkin,6,0.050819282130601655,0.6893004115226337,0.47414955632755185
Kate Beckinsale,7,0.03288932123153954,0.6754850088183422,0.47402424563475065
Guy Pearce,11,0.03026479755482592,0.6644219977553311,0.47401582310149454
Chelcie Ross,7,0.03262648008085717,0.6754850088183421,0.47394681154438273
Billy Bob Thornton,10,0.03141657921714862,0.6641975308641975,0.47393107616880864
Boyd Holbrook,5,0.13954238151850806,0.7086419753086419,0.4737914033977015
June Squibb,6,0.030136223374052536,0.6975308641975309,0.4737269937261413
Terrence Howard,7,0.03177689156864139,0.6754850088183421,0.4736965192539266
Giancarlo Esposito,9,0.040094458019723896,0.6611796982167352,0.4736799908492709
George Kennedy,9,0.02709640731797313,0.6666666666666666,0.4736215982943703
Aidan Quinn,6,0.029691352431916788,0.6975308641975307,0.4735998619613652
Katharine Towne,6,0.029445672671120082,0.6975308641975309,0.47352965350627957
Nick Offerman,8,0.03705931461978514,0.6651234567901234,0.4735137038988111
Harvey Keitel,15,0.030424873101391137,0.6633744855967078,0.47348669264532667
Holly Hunter,10,0.032712345498666535,0.6629629629629629,0.4734560416977669
Catherine Keener,17,0.03437856703595963,0.6615831517792301,0.47342138269277295
Jason Bateman,16,0.035055859497281544,0.6612654320987654,0.47340149027501044
Josh Mostel,7,0.03035515306308838,0.6754850088183421,0.47327766920844233
Michael Keaton,11,0.03556708217991085,0.6610549943883277,0.4732498630830783
Jack Black,11,0.04329954911521332,0.6576879910213244,0.47321271326914094
Rosemarie DeWitt,9,0.025249596222283868,0.6666666666666666,0.4730689249060278
Stanley Tucci,17,0.09905663594131658,0.6332607116920842,0.4729990956545217
Jeremy Northam,8,0.028002119425268594,0.6682098765432098,0.4729607648416774
Imogen Poots,7,0.03333355427650963,0.673721340388007,0.4729427558238455
Bonnie Hunt,7,0.053835254044848825,0.6649029982363315,0.47292082787261075
Richard Jenkins,20,0.03318981756960979,0.6611111111111111,0.47273470347773827
Famke Janssen,11,0.02296587410967245,0.6655443322109988,0.4726122510328905
Roger Rees,7,0.036284443190735594,0.6719576719576719,0.47259973720208687
Denis Leary,6,0.050091967713174465,0.6872427983539094,0.47256968971144503
Hank Azaria,9,0.036155719256037264,0.6611796982167352,0.4725012909251674
Fulvio Cecere,6,0.025685831349724297,0.6975308641975309,0.4724551952371637
Jeff Chase,6,0.16010455105368904,0.639917695473251,0.4724517638786387
Peter Sarsgaard,6,0.030188577855590936,0.6954732510288065,0.4723699348362272
Cynthia Nixon,7,0.031200940053006134,0.673721340388007,0.472314478850952
Hiroyuki Sanada,6,0.02947038836813642,0.6954732510288065,0.4721646962190557
Olek Krupa,6,0.03858925806907747,0.691358024691358,0.4720265753273999
Nicole Kidman,14,0.04043617973581909,0.6569664902998236,0.4719995139359674
Jason Clarke,10,0.03647876846663433,0.6592592592592592,0.47199470855889974
Cobie Smulders,5,0.10969333182284326,0.7185185185185184,0.4719935779518411
Bridget Fonda,6,0.03353988723714757,0.6934156378600822,0.47195562567130656
Willem Dafoe,23,0.033724039151685016,0.6596886741814277,0.47189928269984793
Missi Pyle,10,0.08462614879340691,0.6382716049382715,0.4717477897930097
Ashley Judd,12,0.024048320978188598,0.6635802469135802,0.4716624613610111
Bronson Webb,5,0.12571171929882413,0.711111111111111,0.4716591666567843
Gene Hackman,19,0.023924917227302864,0.6634178037686809,0.47156988473806805
Tom Skerritt,7,0.044945873568444254,0.6666666666666666,0.4715143423125443
Harry Shearer,5,0.03291471842420245,0.7506172839506172,0.47149641361152933
Casey Siemaszko,6,0.03176448349070464,0.6934156378600822,0.47144826456924893
Wilbur Fitzgerald,5,0.18790388258871665,0.6839506172839506,0.471346750846863
Julian Glover,5,0.04936060797008088,0.7432098765432098,0.47127496508867095
Kathy Baker,12,0.022337503076465474,0.6635802469135802,0.47114927932218903
Rene Auberjonois,7,0.02712762283566726,0.673721340388007,0.4711144627473643
Winona Ryder,12,0.03287003022992348,0.6584362139917695,0.4707082688479751
Frank McRae,8,0.03480351278484325,0.662037037037037,0.47069545870789486
Angela Lansbury,6,0.028986011068663643,0.6934156378600822,0.4706542542868512
Dean Stockwell,8,0.02373286497766331,0.6666666666666666,0.4706155435704423
Ralph Ineson,5,0.06986370769724647,0.7333333333333333,0.4706032249075769
Ned Beatty,8,0.030467769990745384,0.6635802469135802,0.47047645839574187
Donald Sutherland,15,0.0335432402587227,0.6576131687242798,0.4703893000128646
Bruce McGill,24,0.02877810966096342,0.6594650205761317,0.4702589469450045
Radha Mitchell,9,0.03793757298053468,0.6570644718792866,0.47016098963322406
David Thewlis,10,0.04187619906784307,0.6543209876543209,0.4701588217278975
John Lithgow,12,0.02616974912452369,0.6604938271604938,0.47013858403915276
Frank Oz,5,0.03332075442560729,0.748148148148148,0.4700813388886448
Patrick Stewart,15,0.034241801776378034,0.6567901234567901,0.47002273903314695
Ellen Barkin,7,0.03570279038629545,0.6684303350970017,0.4700036544720935
Shia LaBeouf,10,0.03250700515773975,0.6580246913580247,0.4699408549074718
Jeremy Piven,13,0.03312979632325622,0.6571699905033238,0.46993659716079966
Gary Busey,9,0.02734059633121829,0.6611796982167352,0.46986329299084345
Nick Nolte,14,0.031242930860660642,0.6578483245149911,0.4698588589766157
Casey Affleck,9,0.033099450050541025,0.6584362139917695,0.46967098682848285
Sam Neill,7,0.026043280872448296,0.6719576719576719,0.46958264841531444
Alfred Molina,13,0.031713687760061546,0.6571699905033238,0.4695117838783344
Emilio Rivera,6,0.03927770493808858,0.6872427983539094,0.4694792736353833
Nathan Lane,7,0.03342334907786543,0.6684303350970017,0.4693321216325554
John Turturro,24,0.031515960130887394,0.6568930041152263,0.46927989056409025
Idris Elba,11,0.04839563596810589,0.6498316498316498,0.4692434320377492
Drew Barrymore,11,0.027259470428967925,0.6588103254769921,0.46918767403247447
Annette Bening,8,0.02966727365814566,0.662037037037037,0.46916489979472153
Donnie Yen,7,0.020050353042710946,0.673721340388007,0.4690294697876138
Laurence Fishburne,14,0.0320610769938852,0.656084656084656,0.46886975143512677
Brian Libby,5,0.06889027917537296,0.7308641975308642,0.46882364168830915
Sydney Pollack,7,0.027394514666506272,0.6701940035273368,0.468768364777363
Kiefer Sutherland,14,0.03166135517977819,0.656084656084656,0.46874983689367145
Benedict Cumberbatch,5,0.061884340243681626,0.7333333333333333,0.46849476384641336
Nicholas Hoult,6,0.059677571170920325,0.676954732510288,0.468448887328218
Ritchie Montgomery,7,0.034060586961547776,0.6666666666666666,0.4683074918455981
Ann Dowd,8,0.037475831090928356,0.6574074074074073,0.4682727376252282
James Woods,16,0.03403002179476789,0.6543209876543209,0.4682326395364505
Stephen Fry,10,0.04083856903097658,0.6518518518518518,0.46812099591171985
Diego Luna,5,0.04290648576117892,0.7407407407407407,0.46804716817395536
Patrick Swayze,9,0.027577320002547315,0.6584362139917694,0.4680184440580739
Isabella Rossellini,8,0.01788397140202503,0.6651234567901234,0.46779960224755657
Mary Steenburgen,7,0.023987576358565976,0.6701940035273368,0.46776466665730126
Javier Bardem,7,0.035952911058519055,0.6649029982363315,0.46765261564938165
Jesse Eisenberg,6,0.03759855594510639,0.6851851851851851,0.4676273991223697
Kristin Scott Thomas,10,0.030256156180683794,0.6555555555555554,0.4675393950006066
John Ireland,5,0.02329386965609097,0.7481481481481481,0.46743184364678164
Billy Crudup,6,0.0320453290733818,0.6872427983539094,0.4674124613981309
Jim Carrey,14,0.03542787651785463,0.6525573192239859,0.46741067985882534
Pruitt Taylor Vince,7,0.03444111815000905,0.6649029982363315,0.4672072352042302
Jason Flemyng,10,0.03420491436155456,0.6530864197530863,0.4669961227932677
Clive Owen,6,0.03004219255755278,0.6872427983539094,0.4668400205928893
Peter Stormare,16,0.03836013454130487,0.6504629629629629,0.46683105924449414
Woody Strode,8,0.0216794450324697,0.662037037037037,0.4667845896108789
Wes Studi,6,0.034548141811143025,0.6851851851851851,0.4667556754483376
Jackie Chan,11,0.029625156932185762,0.6543209876543209,0.4667556593576039
John Krasinski,9,0.03294285696114708,0.6543209876543209,0.4667505894069161
Stacy Keach,12,0.03594455461393767,0.6512345679012346,0.4665899821367611
Kyra Sedgwick,8,0.02795763386860601,0.6589506172839505,0.4665094066030809
Dax Shepard,7,0.03613391006915746,0.6631393298059964,0.4664935760029602
Emma Stone,8,0.038286050547867254,0.6543209876543209,0.46636814269484506
Cary Grant,5,0.019095639707535382,0.7481481481481481,0.4663225070453716
Frank Wood,5,0.0420355820676846,0.7382716049382716,0.4662946760254646
Toby Kebbell,10,0.08622668820017854,0.6296296296296295,0.46618364274433916
Ellen Burstyn,5,0.024016351753827787,0.7456790123456789,0.46610038636299317
Andie MacDowell,6,0.032175770837960346,0.6851851851851851,0.46607771768585415
Alexis Bledel,6,0.027164235364555162,0.6872427983539094,0.4660175803248437
Lennie James,7,0.03447047600771401,0.6631393298059964,0.46600352144681334
Michael Murphy,7,0.030181738198845162,0.6649029982363315,0.465952404249514
Rachael Harris,11,0.03699691598750223,0.6498316498316498,0.4658249628122379
Tate Donovan,9,0.026645580348126256,0.6556927297668038,0.4658239228784224
Dermot Mulroney,10,0.02974400931782358,0.6530864197530863,0.4656590705140089
Fred Tatasciore,7,0.045361453956993876,0.6578483245149912,0.4655749604955194
Felicity Jones,10,0.040313739635255634,0.6481481481481481,0.4653734599289235
Peter Sellers,6,0.029616904212956787,0.6851851851851851,0.4653464646435638
Joe Don Baker,9,0.034128481289977544,0.6515775034293553,0.4651897067892753
Paul Walker,10,0.03383340189186169,0.6506172839506172,0.46515795018708067
Joey King,9,0.030537071233589355,0.6529492455418381,0.4650727930512793
Judy Greer,11,0.07885827598458553,0.6307519640852974,0.46502785818772835
Lionel Barrymore,6,0.008758192730213374,0.6934156378600822,0.4648737053694696
Damion Poitier,5,0.10000220641468179,0.711111111111111,0.46486570750940803
David Clennon,6,0.10445775683555193,0.6522633744855967,0.4647815770384465
Ben Mendelsohn,7,0.02987837383500089,0.6631393298059964,0.46465066914915315
Peter Dinklage,7,0.038102011972983005,0.6596119929453262,0.4646486615583862
Miranda Richardson,9,0.03230224243313853,0.6515775034293553,0.46464318981236963
Stephen Tobolowsky,10,0.0320980167103084,0.6506172839506172,0.4646378089400374
Jane Alexander,6,0.03178738371713635,0.6831275720164609,0.46459470708183265
Danny Mann,7,0.041688300174876694,0.6578483245149911,0.46449283419542864
Demi Moore,6,0.03136771526646261,0.6831275720164608,0.46447477748944593
Tom McCarthy,7,0.03708480686293854,0.6596119929453262,0.464348988724778
Mark Boone Junior,7,0.044923540370925,0.656084656084656,0.4642335866376594
Greg Kinnear,13,0.03162376847541511,0.6495726495726495,0.46416691209827177
Tom Bower,7,0.028073061530649177,0.6631393298059964,0.4641188166756936
Will Patton,9,0.030097289488530837,0.6515775034293553,0.4639833395343004
Matthew Page,5,0.06767981320572677,0.7234567901234568,0.4639366932617071
Melissa George,6,0.03854155569464919,0.6790123456790124,0.46378082122944886
Bruce Spence,5,0.03827790329725176,0.7358024691358024,0.4637793849612097
Miles Teller,6,0.07204625042035193,0.6646090534979423,0.4637513903953595
David Warshofsky,6,0.03351556492110162,0.6810699588477366,0.463716552944965
Sterling Jerins,6,0.04760640049544744,0.6748971193415637,0.46362726152116884
Arthur J. Nascarella,6,0.0283443521663974,0.6831275720164608,0.4636107842499124
Tobey Maguire,7,0.029851719911981215,0.6613756613756613,0.4634304540894134
Elizabeth Banks,15,0.03913827273573343,0.6452674897119342,0.4634258772320742
Robert John Burke,6,0.03231141010509471,0.6810699588477366,0.4633724389282399
Barry Shabaka Henley,6,0.031990369458278364,0.6810699588477366,0.46328069442409525
Matt Craven,10,0.02973101068768752,0.6493827160493827,0.46306494386967884
Josh Charles,7,0.03211160904234391,0.6596119929453262,0.46288386407265486
Cloris Leachman,10,0.023334857516333338,0.6518518518518518,0.46287466649051145
Maurice LaMarche,5,0.051976500910802276,0.728395061728395,0.4628319944264474
Gemma Arterton,6,0.03517265034747411,0.6790123456790123,0.4628180816086189
Corey Johnson,8,0.04068867834876326,0.6481481481481481,0.46279203897809956
Dan Hedaya,15,0.02900441201475161,0.6485596707818929,0.4626902502845989
John Candy,7,0.031349842956100105,0.6596119929453262,0.4626594446322125
Tom Holland,6,0.04363295098629301,0.6748971193415637,0.4624917599621721
Gwyneth Paltrow,12,0.050749958598103384,0.6388888888888888,0.46239014632428366
Nassar,5,0.004186352628247542,0.7481481481481481,0.46238289009712047
Leonard Nimoy,7,0.030187585202725048,0.6596119929453262,0.4623170386897946
Joe Chrest,11,0.03569660199410302,0.6453423120089786,0.46229351680650577
Michael Clarke Duncan,7,0.03413290639764584,0.6578483245149911,0.46226698393190646
Jeremy Sisto,8,0.03156313886766701,0.6512345679012345,0.4622187338604283
Seann William Scott,9,0.049738249756250595,0.6406035665294924,0.4621982964641079
Matthew McConaughey,11,0.03236215392944457,0.6464646464646464,0.46207888850584944
Peter Jacobson,7,0.03324959504064899,0.6578483245149911,0.46200675675186603
Robert Picardo,9,0.032571808193624624,0.6474622770919066,0.4618503239266947
Robin Williams,16,0.0321807596107166,0.6458333333333333,0.4617365175399193
Gabriel Byrne,11,0.03333283239236363,0.6453423120089786,0.4615846237331172
Tzi Ma,7,0.03167755864638637,0.6578483245149911,0.4615436283265838
Kevin Corrigan,6,0.04024689469297484,0.6748971193415637,0.46152411907707835
Rebecca Hall,5,0.04109073458799676,0.7308641975308642,0.4614779143958061
Ellen Page,9,0.021649809123933102,0.6515775034293552,0.4614553616555904
Tony Goldwyn,10,0.029292727542327743,0.6469135802469135,0.46120675831024277
Susan Sarandon,25,0.029707992887922707,0.6459259259259259,0.4610605458859135
Jim Sturgess,5,0.03349049866245945,0.7333333333333333,0.4609920000372212
Quentin Tarantino,6,0.03788080969240767,0.6748971193415637,0.4608479576710575
Jay O. Sanders,7,0.02924904832962329,0.6578483245149911,0.4608281791404906
Bruce Dern,9,0.029105105706932307,0.6474622770919067,0.4608128847353408
Irrfan Khan,6,0.032897434030237545,0.676954732510288,0.4607958676023267
John Michael Higgins,14,0.031416264164247545,0.6446208112874778,0.4606517534827536
Tim Matheson,7,0.028138173789726967,0.6578483245149912,0.4605009109053366
Shawn Hatosy,7,0.027942959850799143,0.6578483245149911,0.4604434000713261
Mercedes Ruehl,6,0.026312205254521215,0.6790123456790123,0.46028601238431555
Geraldine Somerville,5,0.053285531441642456,0.7234567901234568,0.4601331608664883
Olivia Wilde,14,0.0337391924707865,0.6428571428571428,0.4601140730536584
Garrett M. Brown,6,0.030265893462096235,0.676954732510288,0.4600438463646582
Rose Byrne,6,0.030193207914800062,0.676954732510288,0.4600230748531337
Alison Folland,6,0.029782247224603844,0.676954732510288,0.4599056336969471
Julio Cedillo,5,0.04034922677628271,0.728395061728395,0.45975961370168766
Thomas Haden Church,11,0.03470519333512275,0.6419753086419753,0.4596400819801292
Brian Dennehy,12,0.02156751813780439,0.6471193415637859,0.4593971004298294
Jack Conley,6,0.03736860272000685,0.6728395061728395,0.45932956279093634
Mickey Rourke,13,0.0331426970232215,0.6419753086419753,0.4593046727564664
Bobby Cannavale,10,0.028618120256813304,0.6444444444444444,0.4592777400997774
Jeremy Strong,7,0.03529525715006193,0.6525573192239859,0.45897232916097497
Cliff Curtis,14,0.03352928493203448,0.6410934744268078,0.45881655456156395
Matt Dillon,8,0.02700053579184418,0.6481481481481481,0.458713080020293
Billy Slaughter,9,0.03799732433945454,0.6406035665294924,0.4586847281042889
James Marsden,10,0.026341518054936775,0.6444444444444444,0.45859538166956104
Beau Bridges,7,0.021497008328768333,0.6578483245149911,0.4585443960859611
Antonio Banderas,14,0.03044831398214095,0.6419753086419753,0.45850955235467217
Anne Heche,6,0.034384024198625004,0.6728395061728394,0.4584766531072548
Sylvester Stallone,21,0.06572372992770407,0.6266901822457377,0.4584002395689012
Michelle Williams,6,0.0288880133706084,0.6748971193415637,0.45827806613987854
Cameron Diaz,13,0.036213831899508615,0.6391263057929724,0.45823175993521725
Jane Lynch,13,0.0316976220705189,0.641025641025641,0.4582064327992385
Dennis Haysbert,13,0.033894287652480606,0.6400759734093067,0.4582006654042323
Eddie J. Fernandez,6,0.03777145964617125,0.6707818930041152,0.45807266776906386
Geoffrey Lewis,10,0.02159245901351485,0.6456790123456789,0.45803537215057955
Robert Wagner,8,0.028066809272258228,0.6466049382716049,0.4579578041595563
Christopher Lloyd,7,0.03181780915741585,0.6525573192239859,0.45794785859609954
Brittany Murphy,7,0.027674463164850806,0.6543209876543209,0.4579395744293709
Alicia Vikander,6,0.03710084836864993,0.6707818930041152,0.4578810256834272
Gary Sinise,6,0.04171539745963482,0.668724279835391,0.45782771535745936
John Goodman,21,0.040083923654195455,0.6366843033509699,0.4577041824711121
Ben Stiller,15,0.027695837063170945,0.6419753086419753,0.45768865503204575
Jim Norton,6,0.050812113081530476,0.6646090534979423,0.4576832634450529
Jon Favreau,9,0.031163269528788864,0.6419753086419753,0.45759742629156225
Ron Eldard,7,0.02986896302829688,0.6525573192239859,0.4573737204640625
Ted Levine,7,0.021543677435776253,0.656084656084656,0.4573457822942058
Marshall Bell,9,0.03617882700350203,0.6392318244170095,0.4571826826232707
Sharlto Copley,5,0.06492011062596986,0.7135802469135802,0.45711801059135865
Danny Trejo,13,0.034302461246981504,0.6381766381766382,0.45699363761869133
Scott Adsit,6,0.04357343964004978,0.6666666666666666,0.45698667188246667
Max Casella,6,0.038101277678415625,0.668724279835391,0.45679490025901137
Fiona Shaw,9,0.03479276095186025,0.6392318244170095,0.45676789097348297
Dash Mihok,8,0.034777851203863785,0.6419753086419753,0.4567385909920008
Willie Garson,8,0.027216293069742,0.6450617283950617,0.4566313400302209
Jeffrey Tambor,9,0.046169696797505336,0.6337448559670782,0.45634115159339184
Claire Danes,6,0.036416141519897215,0.6687242798353908,0.45631333512757805
Richard Harris,8,0.028109004168048925,0.6435185185185185,0.4558243439429968
Liev Schreiber,10,0.025702891551348545,0.6407407407407407,0.45581373765690175
Pat Hingle,8,0.038415602998754975,0.6388888888888888,0.45567657848727683
Dendrie Taylor,6,0.034066145684977796,0.6687242798353908,0.45564177155843266
Jet Li,9,0.027749053424235642,0.6406035665294924,0.45561784886331735
James Karen,5,0.04185084688273745,0.7209876543209877,0.4555893045224019
Carol Kane,7,0.02779319509028203,0.6507936507936507,0.45554982793829724
Charles Dance,9,0.04025220301524356,0.635116598079561,0.45552813819617927
Bernard Lee,5,0.035631413672027344,0.7234567901234568,0.455468252262762
Ice Cube,11,0.028584082580665096,0.6386083052749719,0.4554482525989894
Beth Grant,13,0.029134978559738265,0.6381766381766382,0.4554434631903286
Forest Whitaker,23,0.025193143706973415,0.6398282340311325,0.45543770599515765
Rosario Dawson,12,0.03233142756847122,0.6368312757201645,0.4554251173501481
Dennis Quaid,20,0.02577011148200864,0.6395061728395062,0.45538533557958755
Dane Rhodes,7,0.03133313296797694,0.6490299823633157,0.45538034557807894
Karl Urban,6,0.05711461872173748,0.6584362139917695,0.4553682835453317
Eugene Levy,11,0.03334182287233717,0.6363636363636364,0.4553043547209165
Michael Mantell,6,0.03265877188424465,0.6687242798353908,0.4552395831976288
Leslie Mann,9,0.032803613635810455,0.6378600823045267,0.4552147770843633
Frederic Forrest,5,0.028653129770679853,0.7259259259259259,0.45514668196184166
Jason Isaacs,9,0.042148318632833456,0.6337448559670781,0.45513772114982165
Jennifer Ehle,6,0.027387707667177765,0.6707818930041152,0.4551052797267047
Stephen Lang,8,0.032828022306135296,0.6404320987654321,0.45508454031489814
Harold Ramis,5,0.039701735623995135,0.7209876543209875,0.45502142524731687
Richard Griffiths,5,0.05676645521128239,0.7135802469135801,0.4549634958321299
Breckin Meyer,8,0.03143690970269847,0.6404320987654321,0.4546699996866491
James Coburn,9,0.021269339326995654,0.6419753086419753,0.45463658641930244
Olga Merediz,5,0.020823471974457004,0.728395061728395,0.4546001453692594
Paul Williams,5,0.18194429665581685,0.6592592592592592,0.4545483418845484
Richmond Arquette,5,0.0724109580955064,0.7061728395061728,0.45453028960029696
Will Smith,6,0.03944070739098255,0.6646090534979423,0.45443363139112763
Billy Connolly,6,0.029755153835527473,0.668724279835391,0.4544098097694141
Kelly Macdonald,5,0.036946991036964284,0.7209876543209875,0.4542935139524672
Nathan Fillion,6,0.06289968739534427,0.654320987654321,0.4542774548728921
Octavia Spencer,13,0.040693696433177357,0.6315289648622981,0.45425776106311555
Derek Mears,7,0.047945999258388855,0.6402116402116401,0.4542127511960985
Anne Hathaway,7,0.03544747519544249,0.6455026455026455,0.45416772241186987
Kathryn Hahn,13,0.033464319038374636,0.634377967711301,0.45408325776141434
Eric Bana,5,0.036024747993710055,0.7209876543209875,0.4540498212591621
Bill Camp,6,0.038012566788343,0.6646090534979423,0.45402550845486594
Alec Baldwin,19,0.033624226718594774,0.6341780376868096,0.454011843304043
Jamie McShane,4,0.22646254223266726,0.7901234567901234,0.45400578715551493
Arthur Tovey,4,0.046399072232216926,0.8672839506172839,0.45400089248357145
David Proval,5,0.058506159924765516,0.7111111111111111,0.45390082856062236
Kevin Dunn,17,0.030106522394059938,0.635439360929557,0.45383913198863574
Kevin Nealon,8,0.03200816893182508,0.6388888888888888,0.453767213467503
Brad Dourif,12,0.04584737833944442,0.6286008230452674,0.45371879628576034
Paul Rudd,11,0.027914401956648974,0.6363636363636364,0.4536766744721037
Keith David,21,0.027824137744479633,0.6360964138741916,0.4536147241267349
Lili Taylor,10,0.0413806044925931,0.6308641975308642,0.4536054849581729
Olivia Williams,10,0.026791091582271772,0.637037037037037,0.45354966963638277
Konstantin Khabenskiy,7,0.028952935404374967,0.6472663139329806,0.45346676682518694
Stacey Travis,8,0.03789440454420329,0.6358024691358024,0.4533752314779263
Garrett Hedlund,6,0.03547430450702798,0.6646090534979423,0.45330014356198495
Natasha Lyonne,7,0.03241781112024267,0.6455026455026455,0.4532751708415612
Owen Wilson,22,0.03251184757304794,0.6335578002244668,0.45324401188960717
Robert Loggia,7,0.024033867004235748,0.6490299823633157,0.4532299516280145
Chuck Hamilton,4,0.035259497029496746,0.8703703703703703,0.45313723542572154
Teri Garr,7,0.01925217111806444,0.6507936507936507,0.45303360694176864
Ryan Phillippe,8,0.029470778993119198,0.6388888888888888,0.4530110911976702
John Travolta,12,0.031154398923288203,0.6337448559670782,0.4529118250943377
Nicolas Cage,22,0.03647762889608066,0.6313131313131313,0.4528624780507198
Raymond J. Barry,7,0.018020161597302038,0.6507936507936507,0.4526706518401146
Rachel Ticotin,6,0.02844616473153284,0.6666666666666666,0.4526637166763116
Harry Wilson,4,0.033051407867673716,0.8703703703703702,0.45265296266848226
Michael Madsen,12,0.04691791678323334,0.6265432098765431,0.452599766700012
Crispin Glover,6,0.046774845342735655,0.6584362139917695,0.4524134633659183
Mila Kunis,7,0.04113998876995302,0.6402116402116401,0.4522076723496625
Michael Kenneth Williams,10,0.04508335196206906,0.6271604938271604,0.45212506657324975
Rebecca De Mornay,9,0.028865282564889603,0.635116598079561,0.45212050873002957
Steve Buscemi,18,0.03124040411042283,0.6323731138545953,0.4520331626533501
James Franco,19,0.032918711781561485,0.631578947368421,0.45198082582862187
Andrea Martin,8,0.025733781182830855,0.6388888888888888,0.45189749520535827
Kelly Preston,8,0.02565971154953927,0.6388888888888888,0.4518754230364749
Neil Patrick Harris,6,0.11656216588219191,0.6275720164609053,0.45177643693463665
Douglas M. Griffin,6,0.034496286888624564,0.662551440329218,0.45164863293104957
Sandra Bullock,12,0.035975346248302134,0.6296296296296295,0.45147762784962886
Lukas Haas,8,0.03152329033270861,0.6358024691358024,0.45147668948976966
Jason Lee,8,0.03855341470939733,0.632716049382716,0.45142557736639405
Cameron Bright,6,0.05755131279364338,0.6522633744855967,0.45137701754577664
Adam LeFevre,7,0.030079793346303743,0.6437389770723103,0.45137401842920216
Steve James,5,0.02582964795125485,0.7209876543209877,0.45135587696103613
Jon Voight,13,0.03303641507183965,0.6305792972459638,0.45129594378957644
Meg Ryan,12,0.028042087047902772,0.632716049382716,0.4512581709997963
Carl Weathers,7,0.037842994724047035,0.6402116402116401,0.45123636426403674
Jonathan Rhys Meyers,6,0.03730752597279291,0.6604938271604938,0.45107998666854165
Bob Balaban,6,0.027564270739600022,0.6646090534979423,0.4510396755092419
Sharon Stone,9,0.03162412829358885,0.6323731138545953,0.45103042553725015
Caroline Aaron,9,0.03145717810600078,0.6323731138545953,0.4509804643224437
Timothy Olyphant,13,0.034009173908804535,0.6296296296296295,0.45092302103989856
Patricia Belcher,6,0.041499015878014064,0.6584362139917695,0.45090577777223195
Martin Balsam,5,0.0354820493544399,0.7160493827160493,0.4508616884065311
John Cleese,12,0.041020123864225884,0.6265432098765432,0.45083064715100674
Phil Davis,5,0.03498296726541873,0.7160493827160493,0.4507298113928268
Amanda Seyfried,7,0.052222498990241784,0.6331569664902997,0.45062317489402837
Nadim Sawalha,6,0.021012927847090537,0.6666666666666666,0.450539503935913
Josh Hamilton,5,0.02845552162863231,0.7185185185185184,0.4505273701997263
John Cusack,17,0.030904534293407122,0.6303558460421205,0.45052007789712306
Ludacris,6,0.03991022382497621,0.6584362139917694,0.4504517451114444
Michael Wincott,7,0.03916273068781392,0.6384479717813051,0.45041280123497474
Adam Sandler,14,0.03429772133719798,0.628747795414462,0.450405250657552
Ruth Sheen,5,0.022196206550018745,0.7209876543209875,0.4503957795902723
Titus Welliver,5,0.04515441223093708,0.711111111111111,0.45037277445423574
Roger Bart,6,0.03928677184726916,0.6584362139917694,0.45027357984446037
Anthony Rapp,5,0.02715386995004751,0.7185185185185184,0.45018342290121355
Kevin Hart,7,0.038237754765787835,0.6384479717813051,0.4501402995017099
Grant Heslov,7,0.02981532048517399,0.6419753086419753,0.4500837409264357
Charlie Tahan,6,0.03371306363593528,0.6604938271604938,0.45005278912196317
Robert Clohessy,5,0.08961958758175789,0.691358024691358,0.44994329085077467
Tyrese Gibson,8,0.037120593279355574,0.6311728395061728,0.449925590853425
Alec Guinness,5,0.020084393377266356,0.7209876543209875,0.4498377559287337
Josh Lucas,9,0.02430234606291487,0.6337448559670781,0.4497971672883548
Kimberly Elise,5,0.025396392771696384,0.7185185185185184,0.44971902867222213
Jason Patric,6,0.027576119165553605,0.6625514403292181,0.4496710411131689
Lee Garlington,9,0.027039854451918786,0.6323731138545953,0.44965854393924637
David Jensen,11,0.03249637532665867,0.6285072951739618,0.4495532109182542
Candice Bergen,8,0.0321565118513885,0.632716049382716,0.44951935056415315
Oliver Platt,15,0.02701166980778471,0.6304526748971193,0.4494176120530752
Anna Faris,9,0.03560572353514804,0.6282578875171467,0.4493484149608813
Lucas Black,6,0.04062318621927094,0.6563786008230452,0.4492834696232301
Eugene Lipinski,6,0.03577182468514513,0.6584362139917694,0.44926910552732424
Mary Elizabeth Winstead,7,0.03933772056790196,0.6366843033509699,0.44925199127383325
Keanu Reeves,16,0.033610041047180704,0.6273148148148148,0.44920236733920393
Kieran Culkin,8,0.02388851851703061,0.6358024691358024,0.4492015874619472
Melissa McCarthy,11,0.03645725426198264,0.6262626262626262,0.4491703348015448
Joe Mantegna,8,0.0345330168060079,0.6311728395061728,0.4491545133904981
Rufus Sewell,7,0.03888976805861123,0.6366843033509699,0.44912002261141154
Fred Ward,9,0.034787053253139286,0.6282578875171467,0.44910342115520774
Richard Schiff,9,0.028120705221190593,0.6310013717421125,0.44902415219121616
Paul Reubens,7,0.03027423942149162,0.6402116402116401,0.44900657763987717
James Remar,15,0.031392440362847274,0.6279835390946502,0.44900345070256076
Dean Norris,14,0.02954219249671384,0.628747795414462,0.4489786158326347
Daniel Radcliffe,5,0.05684032101753134,0.7037037037037036,0.4488935527881748
Gerard Butler,10,0.03423210673410224,0.6271604938271604,0.44887265881683736
Domenick Lombardozzi,8,0.033580134955155584,0.6311728395061728,0.4488705620840953
Gina Gershon,7,0.02522572083211074,0.6419753086419753,0.4487316258814173
Sam Worthington,9,0.03978749089623795,0.625514403292181,0.44868415275312556
Christopher McDonald,6,0.033601263951856634,0.6584362139917695,0.44864881952875607
Mary Elizabeth Mastrantonio,5,0.04418750199693061,0.7086419753086419,0.44859491362163995
Mike Starr,13,0.02541994009063291,0.6296296296296295,0.4483463678743198
Maria Bello,9,0.03195485531824271,0.6282578875171467,0.44825586266219813
Edward Herrmann,9,0.02533347649460936,0.6310013717421125,0.4481900511031294
Matthew Gray Gubler,6,0.03665955034689135,0.6563786008230452,0.4481507725291779
Luke Wilson,9,0.028064623483968053,0.6296296296296295,0.4480495240529306
Kate Hudson,7,0.026910220916974106,0.6402116402116401,0.44801552387146354
Pip Torrens,8,0.037870548860377766,0.6280864197530864,0.4480030377614082
Will Ferrell,10,0.025448978059945733,0.6296296296296295,0.4479669411838942
Angela Bassett,13,0.0307587170267997,0.6267806267806267,0.4479537167871997
Casey Wilson,5,0.12737874670396354,0.671604938271605,0.44774181539760266
Frank Welker,20,0.04198112021295655,0.6216049382716049,0.44771777431877335
Martin Starr,5,0.035006939135880426,0.711111111111111,0.44769141505894017
Craig T. Nelson,6,0.03985053551531709,0.6543209876543209,0.4476906471550577
Clark Duke,6,0.03954828026035712,0.6543209876543209,0.4476042709943864
Queen Latifah,9,0.03608180811620942,0.625514403292181,0.4475751967462329
Danny DeVito,16,0.026370531381033943,0.6280864197530863,0.4475706415843877
Colin Salmon,8,0.03629446669700412,0.6280864197530863,0.4475333776572852
Dennis Hopper,16,0.023838655520830733,0.628858024691358,0.4473512027791208
Isaiah Washington,7,0.03280348610058364,0.6366843033509699,0.44732697876755895
Parker Posey,9,0.031838510865519316,0.6268861454046638,0.4472632004113581
Colin Hanks,7,0.027931305628725384,0.6384479717813051,0.447103976948034
Silas Carson,5,0.038061459517341883,0.7086419753086419,0.4469761735269629
Michael McKean,9,0.020363593374238133,0.6310013717421125,0.4467027727614449
Pierce Brosnan,14,0.03199274507816724,0.6243386243386243,0.44662740112326893
Dallas Roberts,6,0.026264665918518726,0.6584362139917694,0.4465522234891198
Tom Aldredge,5,0.03632538853002604,0.7086419753086419,0.44651743565112595
Dwight Yoakam,6,0.02603082123889342,0.6584362139917694,0.44648539717166796
Amanda Peet,13,0.029921583308822185,0.6248812915479581,0.4463731137682044
Clifton James,5,0.029834324714880782,0.711111111111111,0.44632460795868334
Delroy Lindo,10,0.028345112122732247,0.6259259259259259,0.4462447592367965
Tony Shalhoub,11,0.034509029784207536,0.6228956228956228,0.44622995149002265
Adam Scott,13,0.028800396931200185,0.6248812915479581,0.44603677312475937
Ed Helms,7,0.04073886848898285,0.6313932980599647,0.4460276871366971
James DuMont,6,0.033892155834684926,0.6543209876543209,0.44598790765859125
Veronica Cartwright,6,0.03360281426742139,0.6543209876543209,0.44590522187135445
Corey Feldman,6,0.033544141901831845,0.6543209876543209,0.4458884549381284
Julianne Moore,18,0.028296528335111003,0.6248285322359396,0.4458687946733921
Bruce Willis,25,0.04004458475481083,0.619753086419753,0.44584053579590455
Alan Ruck,6,0.023705748815426045,0.6584362139917695,0.44582095602159305
Mena Suvari,6,0.04266398287083254,0.6502057613168724,0.44575061160791973
Benjamin Bratt,9,0.03280659551771882,0.6241426611796982,0.44563721725882055
Maury Chaykin,8,0.02247201412929756,0.6311728395061728,0.4455604293353588
Stephen Rea,7,0.03077240892633999,0.6349206349206349,0.4455162523256869
Rainer Bock,5,0.03224022741235537,0.7086419753086419,0.44543797625847203
Melora Walters,5,0.03179107476784622,0.7086419753086419,0.44531929255741703
Noomi Rapace,5,0.04248195458791976,0.7037037037037036,0.44509951062945347
Anna Kendrick,10,0.05003570854836971,0.6148148148148148,0.44497531796731
Aasif Mandvi,8,0.024097779787045547,0.6296296296296295,0.44497187774850144
Martin McDougall,6,0.044705027271176395,0.648148148148148,0.4449618650868836
C. Thomas Howell,6,0.02069287181311603,0.6584362139917694,0.4449599594176833
Matthew Goode,5,0.03595917382281772,0.7061728395061727,0.44489830207795766
Gene Wilder,5,0.030107853991716428,0.7086419753086419,0.44487451977505504
Vince Vaughn,16,0.027853128558509466,0.6234567901234567,0.44477468631666955
Peter Maloney,5,0.017691812717822965,0.7135802469135802,0.4446384465527492
Jane Fonda,8,0.026506257824408425,0.6280864197530863,0.4446165683023465
Janeane Garofalo,7,0.023273355659064406,0.6366843033509699,0.44451936291322935
Kevin Pollak,8,0.0369413838786059,0.6234567901234568,0.44450710294961004
Kenneth Mars,5,0.03447646037167484,0.7061728395061728,0.4445065111753842
Elliot Levey,5,0.028711965638861525,0.7086419753086419,0.44450567146034164
Iggy Pop,6,0.028425771583527527,0.6543209876543209,0.4444257667971146
Matthew Modine,7,0.026944993109223624,0.6349206349206349,0.44438867979190166
Zooey Deschanel,6,0.03781432076570718,0.6502057613168724,0.4443647128143677
Ray Winstone,7,0.043170631782898115,0.6278659611992945,0.4443193692558159
David Niven,8,0.025272751740200793,0.6280864197530863,0.4442489931787849
Joely Richardson,6,0.03233403183172437,0.6522633744855967,0.44417061872783586
Fred Gwynne,5,0.03881849369302038,0.7037037037037036,0.4441314809339994
Frankie Faison,8,0.021139552278705225,0.6296296296296295,0.4440903491887134
Patton Oswalt,9,0.06522965503304065,0.6076817558299039,0.4438459414972541
Taraji P. Henson,6,0.03583266586794316,0.6502057613168724,0.44379841085919736
Chris Pine,7,0.03308604503725134,0.6313932980599647,0.4437731336879993
Robert Prosky,10,0.02543099880897471,0.6234567901234568,0.44364450130925087
Troy Evans,7,0.032596537373567894,0.6313932980599647,0.44362892270517945
Eric Stoltz,8,0.023098186121737987,0.6280864197530863,0.4436009897062989
Fred Willard,5,0.030248249223178765,0.7061728395061728,0.4433892523679835
Val Kilmer,12,0.037579167137012225,0.6172839506172839,0.44331780580963925
Thandie Newton,6,0.029081134416678537,0.6522633744855967,0.4432410309534018
Tim Blake Nelson,9,0.03328777857918417,0.6200274348422496,0.4429076795884878
Charlie Sheen,15,0.0321822964364472,0.6189300411522634,0.44290299644745645
Piper Perabo,5,0.03403003354397829,0.7037037037037036,0.4428661824218125
Mike Birbiglia,6,0.037282176688726895,0.6481481481481481,0.4428406204632507
Mykelti Williamson,7,0.029663257106647797,0.6313932980599647,0.4427647662035309
Anne Bancroft,5,0.03361103337678789,0.7037037037037036,0.4427554661849325
Diane Lane,13,0.03299643963871423,0.6182336182336182,0.44264236872269713
Eileen Davies,5,0.044514056243578105,0.6987654320987654,0.4425917407496674
Alex Norton,5,0.026946558178646943,0.7061728395061728,0.4425168164206607
Michael Chernus,6,0.0311393251215021,0.6502057613168724,0.442457184370171
Jacob Vargas,6,0.03103181085312754,0.6502057613168724,0.4424264597770757
Joe Flaherty,6,0.030758620533759308,0.6502057613168724,0.44234838956809713
Walter Matthau,6,0.020763859091827604,0.6543209876543209,0.44223620491664334
Josh Hutcherson,8,0.03989372285675656,0.6188271604938271,0.4421678258275789
Molly Shannon,9,0.027576918498666024,0.6213991769547325,0.4421565030236156
Kurtwood Smith,7,0.03143050843448039,0.6296296296296295,0.44207304305209866
Ian McShane,8,0.04641715861858055,0.6157407407407407,0.4419657244771532
Oliver Ford Davies,5,0.030353905085582538,0.7037037037037036,0.4418948054604846
Jack Warden,5,0.03608644196611029,0.7012345679012345,0.4418872006606536
Adam Driver,5,0.030320513655565914,0.7037037037037036,0.44188598213828817
Christopher Walken,19,0.02647950649843871,0.6198830409356725,0.4418619308794927
Terence Stamp,14,0.03049428485035944,0.6181657848324514,0.4418569550751681
Dominic West,8,0.034877768664877455,0.6203703703703703,0.44174612786213624
Leo White,4,0.03352890100016451,0.8487654320987653,0.4417015524787456
James Cosmo,7,0.04247793116095802,0.6243386243386243,0.441690571379381
Brion James,10,0.027202342144345294,0.619753086419753,0.44158518956650905
Kathy Najimy,5,0.03990725385667049,0.6987654320987654,0.44137444332530446
Dale Dye,6,0.046024269809549934,0.6419753086419753,0.4412228069377759
Jean Reno,6,0.02659436036647594,0.6502057613168724,0.44115835962028366
January Jones,9,0.03060225372545453,0.6186556927297667,0.44114616900183173
Richard Gere,14,0.028111421148473884,0.6181657848324514,0.44114210790376596
Grey Griffin,6,0.026486205548556664,0.6502057613168724,0.44112745197591136
Bert Moorhouse,4,0.03752397369811665,0.845679012345679,0.4409982945827493
Ted Raimi,6,0.03549729292506367,0.6460905349794238,0.4409585298881802
Olympia Dukakis,6,0.025658243623499284,0.6502057613168724,0.4408908434435702
Scott Seaton,4,0.03637338657841083,0.845679012345679,0.44074595060745264
Jared Harris,9,0.029029424546140305,0.6186556927297667,0.44067548695219255
Al Leong,6,0.043616265366902524,0.6419753086419753,0.440534666118974
Aidan Turner,5,0.059700916416827406,0.6888888888888888,0.4405152420890973
David Denman,6,0.04275612917200508,0.6419753086419753,0.44028886307353315
Bernie Mac,7,0.025229819752411668,0.6296296296296295,0.4402462945140416
Eddie Jemison,5,0.04114769476001161,0.6962962962962963,0.44017985102226287
Oscar Isaac,5,0.03532315546987572,0.6987654320987654,0.4401631451860289
James Cromwell,11,0.02998800356406071,0.6161616161616161,0.4401618745232195
Holland Taylor,5,0.034837257561483724,0.6987654320987653,0.44003475194865665
Logan Lerman,8,0.03267577299169215,0.6188271604938271,0.44001693346678733
Caroline Goodall,9,0.02991459361838421,0.6172839506172839,0.43998253584918273
Nora Dunn,8,0.02163414399357423,0.6234567901234568,0.4399456657064844
Eddie Izzard,9,0.032824121664984114,0.6159122085048011,0.43989539079541645
Jonathan Banks,6,0.026471185706107205,0.6481481481481481,0.43975113937464444
Glen Powell,5,0.0393123462520085,0.6962962962962962,0.4396948801413867
George Segal,5,0.027357564009019415,0.7012345679012345,0.43958068960106433
Charles Bronson,6,0.0210087213396637,0.6502057613168724,0.4395621390546704
Josh Peck,8,0.03824018815780827,0.6157407407407407,0.43952905151221344
Matthias Schoenaerts,5,0.0385129961201566,0.6962962962962962,0.43948366056326177
Edward Fox,6,0.02537153503978099,0.6481481481481481,0.43943688974265877
Judge Reinhold,6,0.030097471867220654,0.6460905349794238,0.43941541093942854
Jeanine Jackson,6,0.02966457815719694,0.6460905349794238,0.4392917019350787
Bill Cobbs,9,0.02714839433449493,0.6172839506172839,0.4391547279945375
Kelsey Grammer,7,0.03369063230039054,0.6243386243386243,0.4391017967819025
Richard Dillane,4,0.14374815324170326,0.7962962962962963,0.4390239631539656
Elizabeth Olsen,6,0.05273219225326854,0.6358024691358024,0.4390236839053358
Julie Andrews,7,0.021039233230923424,0.6296296296296295,0.4390117303883071
Merritt Wever,5,0.030902772495468165,0.6987654320987654,0.4389951070638085
Burt Young,6,0.03807742300995397,0.6419753086419753,0.4389518187424408
Carla Gugino,17,0.03612480277458017,0.6114742193173566,0.43886902942232164
Tim Curry,11,0.030536465250371073,0.6139169472502806,0.43875561653817685
Diane Kruger,6,0.04188809054522438,0.639917695473251,0.4386687813851719
David Koechner,16,0.025430403733225793,0.6157407407407407,0.4386466481525681
Wyatt Russell,7,0.03207200885709738,0.6243386243386243,0.4386249436192447
David Harbour,5,0.03453956076807544,0.6962962962962962,0.43843372348896764
Zoe Kazan,5,0.03441201064373329,0.6962962962962962,0.4384000197559228
Humphrey Bogart,4,0.032743115549296334,0.8425925925925926,0.43837032082745403
Hayden Christensen,6,0.03590405523074395,0.6419753086419753,0.4383307305680773
Ned Dennehy,5,0.034015609342980466,0.6962962962962962,0.4382952750236999
Kumar Pallana,5,0.022490625400756865,0.7012345679012345,0.4382946540096077
Robert Patrick,12,0.025138444340348957,0.6152263374485596,0.4381458980166607
Sam Shepard,8,0.03355433281880727,0.6157407407407407,0.4381327034298841
Allen Covert,9,0.0362451296834599,0.6117969821673525,0.4380456198884072
Elizabeth Berrington,5,0.027207935116620018,0.6987654320987654,0.43801878647374065
Steve Coulter,6,0.04423592684626205,0.6378600823045267,0.43796770747221175
Topher Grace,6,0.024984277583779073,0.6460905349794238,0.4379542019654817
Mia Wasikowska,5,0.02653355341594524,0.6987654320987654,0.4378405884443218
Margo Martindale,9,0.028785909347693997,0.6145404663923182,0.4377290773755961
Steve Harris,6,0.03853068201800279,0.639917695473251,0.4377093272363106
Ed Lauter,9,0.02867549578033849,0.6145404663923182,0.43769603520873246
Jenifer Lewis,9,0.03708847698195694,0.6104252400548696,0.43734015327611914
Jessica Alba,8,0.03357797658168967,0.6141975308641975,0.43706673210346847
John Bell,5,0.040858120413330194,0.691358024691358,0.437058603510815
Jim Belushi,12,0.021448318481902037,0.6152263374485596,0.4370389968615813
Alfre Woodard,7,0.03490177572080521,0.6208112874779541,0.4370338792365697
Sam Rockwell,6,0.030224685935135,0.6419753086419753,0.43670772449377726
Jon Lovitz,7,0.025139376941695026,0.6243386243386243,0.43658256157659014
Peter Jason,8,0.03152310365081004,0.6141975308641975,0.43645439611166303
James Le Gros,6,0.029290417154386548,0.6419753086419753,0.4364407364133656
Eileen Atkins,5,0.026880467390621797,0.6962962962962962,0.4364098913689214
Rob Schneider,8,0.03095235921116129,0.6141975308641975,0.4362843187520035
Anton Yelchin,6,0.03303114062478725,0.639917695473251,0.4361377109841408
Rene Russo,5,0.0311944523006531,0.6938271604938271,0.4360274496399186
David Carradine,5,0.036806772652876255,0.691358024691358,0.435988078930031
Jennifer Garner,7,0.03523365597777431,0.619047619047619,0.4359192898295147
Tobin Bell,6,0.04185636651673096,0.6358024691358024,0.43591567484399923
Matthew Lillard,7,0.02697617712991633,0.6225749559082892,0.43591132780715286
Glenn Morshower,12,0.036640520977604216,0.6069958847736625,0.43583548926250104
Sergey Garmash,8,0.010831648415332996,0.6219135802469136,0.43565358989874037
Ray Romano,5,0.05224912575953075,0.6839506172839506,0.4355014568181788
Bette Midler,13,0.02691877782339218,0.6106362773029439,0.4355012557326567
Michael Parks,5,0.04615657148863986,0.6864197530864197,0.4354139309383739
David Caruso,6,0.025621105674895547,0.6419753086419753,0.4353921490597809
Nina Arianda,5,0.028386514947679672,0.6938271604938271,0.4352854827352254
Larry Miller,9,0.023700971383404996,0.6131687242798353,0.435249522709098
Walton Goggins,7,0.03705089354418571,0.6172839506172839,0.4352422928307615
Wesley Snipes,13,0.034899433070753244,0.6068376068376068,0.43523639500578737
George Cheung,5,0.03968386081044989,0.6888888888888888,0.43522595286275184
Michael Ironside,10,0.03477447152173469,0.6074074074074074,0.4352206567737568
Anjelica Huston,10,0.022862759273133065,0.6123456790123456,0.4351040395637637
Eva Mendes,12,0.031579418341512844,0.6080246913580246,0.43503742157010467
Amy Smart,6,0.038391546998144746,0.6358024691358024,0.4349255256157449
Kerry Washington,7,0.03520799769154697,0.6172839506172839,0.4346993680884931
Franklyn Farnum,4,0.030320941849011573,0.8364197530864197,0.43468020047585076
David Keith,5,0.02528140298842681,0.6938271604938271,0.43446499067307415
Ken Howard,5,0.04204287528125086,0.6864197530864197,0.4343269314586268
Whoopi Goldberg,15,0.02657554863317995,0.6090534979423867,0.434307444672458
Kevin Smith,6,0.0217895819856989,0.6419753086419753,0.4342972059599901
Rosanna Arquette,9,0.02036577843726841,0.6131687242798354,0.43425143882785033
Peter MacNeill,5,0.029992894843425082,0.691358024691358,0.43418758583075207
Charles Fleischer,5,0.045906030977964654,0.6839506172839506,0.4338253630134968
Sissy Spacek,7,0.028122839889018588,0.619047619047619,0.4338244139922402
Jonathan Tucker,5,0.03425922425982812,0.6888888888888889,0.433792551655888
Patrick Sabongui,6,0.048553964160496385,0.6296296296296295,0.4337136012703693
Michael Papajohn,11,0.02915921568665478,0.6071829405162739,0.4336303562885293
Dwayne Johnson,15,0.037697457491060876,0.6032921810699587,0.4336110997976135
Olivia Colman,5,0.027646754025973993,0.691358024691358,0.43356764363779143
John Huston,7,0.022661891937419888,0.6208112874779541,0.43342795883744606
Christian Slater,9,0.030383376476163158,0.6076817558299039,0.43341790644477557
Sailor Vincent,4,0.03169171439346785,0.8333333333333333,0.4334013874378204
Steve Coogan,7,0.026408747708223886,0.619047619047619,0.43331943534455925
Joanna Going,6,0.027617570379841635,0.6378600823045267,0.43321864255214443
E.G. Daily,9,0.026411573210283087,0.6090534979423868,0.4331871569146496
Rita Wilson,8,0.027680494799179816,0.611111111111111,0.4331632948945828
James Russo,5,0.037299158214157066,0.6864197530864197,0.43307345581919177
Brendan Fraser,8,0.03096666757364769,0.6095679012345678,0.43306953158554967
John P. Ryan,7,0.02959079991261194,0.6172839506172839,0.4330445183844077
Julia Roberts,17,0.03189073014723551,0.6049382716049382,0.43302364909602703
Chris Rock,8,0.03068496458871536,0.6095679012345678,0.43298558630889483
Teresa Palmer,7,0.04576719683735705,0.6102292768959435,0.4329607010253736
Jay Baruchel,5,0.0368397191794591,0.6864197530864197,0.4329520540514105
Jacqueline Bisset,5,0.03077340446366811,0.6888888888888888,0.4328714616886434
James Tolkan,5,0.04208387602210907,0.6839506172839506,0.4328154001384879
Burt Reynolds,9,0.018732224696948255,0.6117969821673525,0.4328047392367766
Larry Brandenburg,4,0.07195174412346098,0.8148148148148148,0.43275443419228654
Michael Beach,6,0.02596588436838145,0.6378600823045266,0.4327466365440989
Christoph Waltz,6,0.04028560732587603,0.6316872427983539,0.43272275478004596
Eric Idle,5,0.030192839598811846,0.6888888888888889,0.4327180537376808
James Spader,6,0.04026640998639578,0.6316872427983539,0.4327172687133782
Dom DeLuise,8,0.025871566784116767,0.611111111111111,0.4326242485557251
Rupert Everett,7,0.028020962174822302,0.6172839506172839,0.4325820376924183
Michael Ensign,6,0.02937817186180546,0.6358024691358024,0.4323497532306784
Ralph Brown,7,0.031039557374853748,0.6155202821869488,0.4322589656225597
Gary Cole,9,0.029430401211835572,0.6063100137174211,0.43217487555226974
Peter Vaughan,5,0.022306670015255454,0.691358024691358,0.4321565845199522
Patrick Warburton,6,0.05711315949881631,0.6234567901234568,0.43204352063625484
Kurt Fuller,11,0.026347392438602395,0.606060606060606,0.4320017215412383
Billy Burke,10,0.04676035000824673,0.5975308641975309,0.43190586277366505
Kathy Bates,15,0.022313002868670967,0.6074074074074073,0.43187643250527463
Gaby Hoffmann,5,0.038419440377902514,0.6839506172839506,0.43184711287613137
Mary Lynn Rajskub,6,0.027488507769491164,0.6358024691358024,0.43180973969386127
Jennifer Coolidge,10,0.034801407326339726,0.6024691358024691,0.43177508934248315
Patrick Bauchau,6,0.02707203394363014,0.6358024691358024,0.4316907230365571
Cole Hauser,6,0.031053217044162824,0.6337448559670781,0.431456414293995
Roy Jenson,5,0.02532672465371387,0.6888888888888888,0.43143223579025675
Amanda Crew,6,0.030956250955791017,0.6337448559670782,0.43142870407790646
Judah Friedlander,5,0.042120158280071006,0.6814814814814815,0.43130262201056474
William Shatner,6,0.02993944933891214,0.6337448559670781,0.43113813040420135
Chevy Chase,8,0.027985155741231994,0.6080246913580246,0.43110804749806564
Tommy Chong,5,0.03561802549029316,0.6839506172839506,0.43110686946196836
Mimi Rogers,7,0.02652694202957294,0.6155202821869488,0.43092953047309895
Leon Rippy,6,0.024404379493865556,0.6358024691358024,0.4309283814541125
Horst Buchholz,4,0.048779220312371925,0.8209876543209876,0.43083118758895084
Halle Berry,13,0.022357443528398316,0.6058879392212725,0.4308092318045453
Mark Falvo,4,0.04064993380442643,0.824074074074074,0.4306277397434412
Rob Riggle,9,0.03337669660348457,0.6021947873799725,0.43048230120589565
Wallace Langham,5,0.032776614549861506,0.6839506172839506,0.43035605752586836
Sam Waterston,5,0.025780319370065755,0.6864197530864197,0.43002972794051963
Jonathan Loughran,5,0.05452353686421464,0.674074074074074,0.43001298393486953
